Participant,TestNumber_1,TestNumber_2,TestNumber_3,TestNumber_4,TestNumber_5,TestNumber_6,TestNumber_7,TestNumber_8,TestNumber_9,TestNumber_10,TestNumber_11,TestNumber_12,TestNumber_13,TestNumber_14,TestNumber_15,Nback1_PM,Nback2_PM,Nback3_PM,Nback4_PM,Nback5_PM,Blank1_PM,Blank2_PM,Blank3_PM,Blank4_PM,Blank5_PM,None1_PM,None2_PM,None3_PM,None4_PM,None5_PM,NbackM_PM,BlankM_PM,NoneM_PM,Nback1_PM_falsealarm,Nback2_PM_falsealarm,Nback3_PM_falsealarm,Nback4_PM_falsealarm,Nback5_PM_falsealarm,Blank1_PM_falsealarm,Blank2_PM_falsealarm,Blank3_PM_falsealarm,Blank4_PM_falsealarm,Blank5_PM_falsealarm,None1_PM_falsealarm,None2_PM_falsealarm,None3_PM_falsealarm,None4_PM_falsealarm,None5_PM_falsealarm,NbackM_PM_falsealarm,BlankM_PM_falsealarm,NoneM_PM_falsealarm,Nback1_Accuracy2,Nback2_Accuracy2,Nback3_Accuracy2,Nback4_Accuracy2,Nback5_Accuracy2,Blank1_Accuracy2,Blank2_Accuracy2,Blank3_Accuracy2,Blank4_Accuracy2,Blank5_Accuracy2,None1_Accuracy2,None2_Accuracy2,None3_Accuracy2,None4_Accuracy2,None5_Accuracy2,NbackM_PM_Accuracy2,BlankM_PM_Accuracy2,NoneM_PM_Accuracy2,Nback1_PMRT,Nback2_PMRT,Nback3_PMRT,Nback4_PMRT,Nback5_PMRT,Blank1_PMRT,Blank2_PMRT,Blank3_PMRT,Blank4_PMRT,Blank5_PMRT,None1_PMRT,None2_PMRT,None3_PMRT,None4_PMRT,None5_PMRT,NbackM_PM_reaction,BlankM_PM_reaction,NoneM_PM_reaction,Nback1_PM_Fixed,Nback2_PM_Fixed,Nback3_PM_Fixed,Nback4_PM_Fixed,Nback5_PM_Fixed,Blank1_PM_Fixed,Blank2_PM_Fixed,Blank3_PM_Fixed,Blank4_PM_Fixed,Blank5_PM_Fixed,None1_PM_Fixed,None2_PM_Fixed,None3_PM_Fixed,None4_PM_Fixed,None5_PM_Fixed,Nback_PM_Fixed,Blank_PM_Fixed,None_PM_Fixed,Nback_PM_Valid,Blank_PM_Valid,None_PM_Valid
1,12,13,5,14,7,11,2,1,6,8,10,4,15,3,9,0,1,0,1,1,1,1,1,1,0,1,1,1,0,1,3,4,4,0,0,0,0,0,0,0,0,0,0,0,0,0,0,0,0,0,0,0,0,1,0,0,0,0,0,0,0,0,0,0,0,0,1,0,0,0,3987.92313657296,0,2733.28870888328,2366.81360907081,639.411046956579,3443.06965387901,4576.739629463,3198.21617118505,0,3612.53338502991,3010.9843056096,2867.52057445873,0,3571.4480367605,3029.34181817569,2964.35912537091,3265.62157546468,0,1,0,1,1,1,1,1,1,0,1,1,1,0,1,3,4,4,5,5,5
10,4,6,7,11,9,14,12,13,8,15,3,2,1,10,5,1,1,0,1,0,1,1,1,1,0,1,1,1,1,1,3,4,5,0,0,0,0,0,0,0,0,0,0,0,0,0,0,0,0,0,0,0,0,0,0,0,0,0,0,0,0,0,0,0,0,0,0,0,0,1283.77297451353,1745.44100512812,0,3309.10903574273,0,2538.47970921264,1165.46035717038,1851.25566839316,1960.94305105004,0,2607.53367349561,1992.73836227282,620.904346965515,1254.51841329716,1260.60698982084,2112.77433846146,1879.03469645655,1547.26035717039,1,1,0,1,0,1,1,1,1,0,1,1,1,1,1,3,4,5,5,5,5
11,2,15,8,5,6,3,13,11,1,12,4,9,10,14,7,0,0,0,0,0,0,0,0,0,0,0,0,0,0,0,0,0,0,0,0,0,0,0,0,0,0,0,0,0,0,0,0,0,0,0,0,0,0,0,0,0,0,0,0,0,0,0,0,0,0,0,0,0,0,0,0,0,0,0,0,0,0,0,0,0,0,0,0,0,,,,0,0,0,0,0,0,0,0,0,0,0,0,0,0,0,0,0,0,5,5,5
12,14,15,3,1,13,7,10,9,4,6,11,12,2,8,5,0,1,1,1,1,1,1,1,1,1,1,1,1,1,1,4,5,5,0,0,0,0,0,0,0,0,0,0,0,0,0,0,0,0,0,0,0,0,0,0,0,0,0,0,0,0,0,0,0,0,0,0,0,0,0,1101.1771273698,1392.65624789853,1586.87734883191,1922.86020233069,1142.79383094682,1335.43998724571,3008.06899704339,2591.12306220661,1108.34416313996,1447.2852576962,1174.20658009168,1194.41053452384,2400.16482114914,1121.54811757212,1500.89273160773,1837.1540081165,1467.5230622066,0,1,1,1,1,1,1,1,1,1,1,1,1,1,1,4,5,5,5,5,5
13,15,14,7,13,4,5,9,11,8,6,3,10,2,12,1,1,0,0,1,1,1,0,1,1,1,1,1,0,1,1,3,4,4,0,0,0,0,0,0,0,0,0,0,0,0,0,0,0,0,0,0,0,0,1,0,0,0,0,0,0,0,0,0,0,0,0,1,0,0,2956.88622231595,0,0,3162.71707522019,3505.32517258765,3177.8540572513,0,3205.98687839613,2127.08753447633,1180.34661596405,2499.89694400417,2341.36805934049,0,2978.88622231595,3704.51576305981,3208.30949004126,2422.81877152195,2881.1667471801,1,0,0,1,1,1,0,1,1,1,1,1,0,1,1,3,4,4,5,5,5
14,1,4,15,7,5,3,6,11,12,10,2,13,8,14,9,1,1,1,1,0,0,1,1,0,1,1,1,0,1,0,4,3,3,0,0,0,0,0.1,0,0,0,0,0,0,0,0,0,0,0.019230769230769,0,0,0,0,0,0,0,0,0,0,0,0,0,0,0,0,0,0,0,0,2963.50039867088,1202.37479731467,2596.34189191018,1165.72872974837,0,0,1116.37279056074,1733.85633785851,0,3025.3089865057,2321.98595272255,938.504412178707,0,3965.3089865057,0,1981.98645441102,1958.51270497498,2408.59978380232,1,1,1,1,0,0,1,1,0,1,1,1,0,1,0,4,3,3,5,5,5
15,4,2,7,10,15,3,11,6,1,13,12,5,9,8,14,1,1,0,1,1,1,1,1,1,1,1,1,1,1,1,4,5,5,0,0,0,0,0,0.076923076923077,0,0,0,0,0,0,0,0,0,0,0.019230769230769,0,0,0,0,0,0,0,0,0,0,0,0,0,0,0,0,0,0,0,1750.60852612849,1698.35965027387,0,2498.11077441924,1549.70581080322,3166.64017596256,1481.48408820116,2744.4569349486,824.846073647583,1451.72163572026,2122.98633649191,1292.4999131182,2332.22388401101,3967.16508092437,2245.42978169603,1874.1961904062,1933.82978169603,2392.0609992483,1,1,0,1,1,1,1,1,1,1,1,1,1,1,1,4,5,5,5,5,5
16,5,6,1,3,8,15,4,10,7,13,2,14,11,9,12,1,0,0,0,0,1,0,0,1,0,0,0,0,0,0,1,2,0,0,0,0,0,0,0,0,0,0,0,0,0,0,0,0,0,0,0,0,0,0,0,0,0,0,0,0,0,0,0,0,0,0,0,0,0,10708.9224834374,0,0,0,0,15748.5976883682,0,0,3312.11853235876,0,0,0,0,0,0,10708.9224834374,9530.35811036349,,1,0,0,0,0,1,0,0,1,0,0,0,0,0,0,1,2,0,5,5,5
17,11,12,4,6,8,2,9,15,13,7,5,1,14,3,10,1,0,1,1,0,0,1,1,1,1,1,1,1,1,1,3,4,5,0,0,0,0,0,0,0,0,0,0,0,0,0,0,0,0,0,0,0,0,0,0,0,1,0,0,0,0,0,0,0,0,0,0,1,0,948.718728155916,0,2860.58867204515,1121.48848500926,0,0,2364.59219864893,2117.23542599526,1103.9753137737,1830.29869074875,2661.36195550225,2841.04210513097,2428.84525766294,1230.0684476021,1280.29869074875,1643.59862840344,1854.02540729166,2088.3232913294,1,0,1,1,0,0,1,1,1,1,1,1,1,1,1,3,4,5,5,5,5
18,15,7,2,13,6,9,12,8,14,5,1,3,4,11,10,1,1,1,1,1,0,1,0,1,1,1,1,1,1,0,5,3,4,0,0,0,0,0,0,0,0,0,0,0,0,0,0,0,0,0,0,0,0,0,0,0,0,0,0,0,0,0,0,0,0,0,0,0,0,2440.37984878963,1816.76473544937,1953.93702763639,1927.45390419743,760.928967179236,0,1443.41209061819,0,812.321914296132,1728.93702763639,2332.91284626495,3667.03526441561,1338.20755660263,1118.39596970391,0,1779.89289665041,1328.22367751691,2114.13790924678,1,1,1,1,1,0,1,0,1,1,1,1,1,1,0,5,3,4,5,5,5
19,13,15,11,9,10,6,2,7,4,1,5,12,3,8,14,1,0,1,1,0,1,0,1,0,1,1,0,1,1,0,3,3,3,0,0,0,0,0,0,0,0,0,0,0,0,0,0,0,0,0,0,0,0,0,0,0,0,0,0,0,0,0,0,0,0,0,0,0,0,1617.33910362504,0,2321.78930679924,5282.23892947572,0,2421.26426326192,0,2918.50145124437,0,2130.62637868215,1829.9263206324,0,2318.41394398815,3188.83881337618,0,3073.7891133,2490.13069772948,2445.72635933224,1,0,1,1,0,1,0,1,0,1,1,0,1,1,0,3,3,3,5,5,5
2,7,5,8,10,6,9,4,2,15,11,13,3,1,12,14,0,1,0,1,0,0,1,1,0,1,1,1,1,1,1,2,3,5,0,0,0,0,0.111111111111111,0,0,0,0,0,0,0,0,0,0,0.019230769230769,0,0,0,0,0,0,0,1,0,0,0,0,0,0,0,0,0,0,1,0,0,3148.60293529459,0,2000.37820519236,0,0,3024.05529696259,2834.86039143932,0,3518.31275310734,2709.24875175409,5552.31275310734,3729.50765863061,2024.60438602636,2018.98984487759,2574.49057024348,3125.74281383641,3206.9326788792,0,1,0,1,0,0,1,1,0,1,1,1,1,1,1,2,3,5,5,5,5
20,13,2,8,6,7,9,1,4,15,10,12,14,11,5,3,1,1,1,1,1,1,1,0,1,1,1,1,1,1,1,5,4,5,0,0,0,0,0,0,0,0,0,0,0,0,0,0,0,0,0,0,0,0,0,0,0,0,0,0,0,0,0,0,0,0,0,0,0,0,4158.94389394452,2135.24024705094,2167.23183114262,760.342771823431,2519.94669924732,2504.53660015733,2220.64473553537,0,2279.03800280872,1994.83014796095,2702.14894348953,2927.84417447483,2667.63912492982,1655.04922401981,1911.94108864176,2348.34108864177,2249.76237161559,2372.92451111115,1,1,1,1,1,1,1,0,1,1,1,1,1,1,1,5,4,5,5,5,5
21,6,2,11,4,8,10,14,9,15,7,13,3,12,1,5,1,1,1,1,1,1,1,1,1,1,1,1,1,1,1,5,5,5,0,0,0,0,0,0,0,0,0,0,0,0,0,0,0,0,0,0,0,0,0,0,0,0,0,0,0,0,0,0,0,0,0,0,0,0,1838.77973568501,2147.46820162347,1835.44843868131,1484.87244140703,1495.11714167759,3145.54114440331,3016.74631878955,1974.52749045004,2127.61408718314,867.91196729138,1907.95149317576,2127.48796456566,1633.26302723726,2004.46820162347,1606.08372478213,1760.33719181488,2226.46820162348,1855.85088227686,1,1,1,1,1,1,1,1,1,1,1,1,1,1,1,5,5,5,5,5,5
22,15,4,2,7,6,3,13,8,9,14,12,10,1,5,11,0,0,0,1,1,0,0,1,1,1,0,0,0,0,1,2,3,1,0,0,0,0,0,0,0,0,0,0,0.076923076923077,0,0,0,0,0,0,0.019230769230769,0,0,0,0,0,0,0,0,0,0,0,0,0,0,0,0,0,0,0,0,0,4557.83881258304,2410.43343966914,0,0,3274.83881258304,9651.1517349199,4200.77322657549,0,0,0,0,1531.32913222353,3484.13612612609,5708.92125802614,1531.32913222353,0,0,0,1,1,0,0,1,1,1,0,0,0,0,1,2,3,1,5,5,5
23,11,5,7,4,14,2,1,12,9,13,10,8,3,6,15,1,1,1,1,0,0,1,1,1,1,1,0,1,1,1,4,4,4,0,0,0,0,0,0,0,0,0,0,0,0,0,0,0,0,0,0,0,0,0,0,0,0,0,0,0,0,0,0,0,0,0,0,0,0,862.850574497949,3212.77045278461,2863.41965271867,3651.44173970388,0,0,2391.49977443201,2126.17928757871,1313.60198313053,2318.46382668905,6988.58812237278,0,2277.46382668905,3290.09916586537,4642.13511360833,2647.62060492628,2037.43621795758,4299.57155713388,1,1,1,1,0,0,1,1,1,1,1,0,1,1,1,4,4,4,5,5,5
24,6,10,4,8,14,9,12,5,2,11,3,15,7,13,1,1,1,1,1,1,0,0,1,0,0,1,1,1,0,1,5,1,4,0,0,0,0,0,0,0,0.111111111111111,0,0,0,0,0,0,0,0,0.020408163265306,0,0,0,0,0,0,0,0,0,0,0,0,0,0,0,0,0,0,0,2678.01976873272,3202.34087022269,1829.30417469263,2555.96684128727,1416.45872532961,0,0,3258.2230151158,0,0,3991.32463830733,2142.6457397973,342.731131073466,0,2809.69443554341,2336.41807605298,3258.2230151158,2321.59898618038,1,1,1,1,1,0,0,1,0,0,1,1,1,0,1,5,1,4,5,5,5
25,10,3,2,11,13,14,12,7,5,6,8,1,15,4,9,1,1,0,1,1,1,1,1,1,1,1,1,1,1,1,4,5,5,0,0,0,0,0,0,0,0,0,0,0,0,0,0,0,0,0,0,0,0,0,0,0,0,0,0,0,0,0,0,0,0,0,0,0,0,2693.95391228804,2516.44608237015,0,2224.28992991027,2920.00849876433,2239.29753687931,5060.71946064939,3157.31319671508,2326.6805340088,2867.63355450155,3016.32885655083,1983.48500901071,2473.2116307315,2978.03981843585,2626.38344302715,2588.6746058332,3130.32885655083,2615.48975155121,1,1,0,1,1,1,1,1,1,1,1,1,1,1,1,4,5,5,5,5,5
26,4,11,2,14,3,7,15,5,12,6,8,1,13,10,9,1,1,0,1,0,0,1,1,1,0,1,1,1,1,1,3,3,5,0,0,0,0,0,0,0,0,0,0.111111111111111,0,0,0,0,0,0,0.020408163265306,0,0,0,0,0,0,1,0,0,0,0,0,0,0,0,0,0,1,0,2147.45377503743,4168.88035438998,0,3336.47765793413,0,0,2679.13975346557,2883.50154083085,3216.494684128,0,2824.5322804304,3025.37526964446,3983.21825885854,3719.63466872007,3176.50154083085,3217.60392912051,2926.37865947481,3345.85240369686,1,1,0,1,0,0,1,1,1,0,1,1,1,1,1,3,3,5,5,5,5
27,7,5,15,8,2,11,12,3,1,9,10,4,6,13,14,1,0,1,0,1,1,0,0,0,0,0,1,1,1,1,3,1,4,0,0,0,0,0.181818181818182,0,0,0,0,0,0,0,0,0,0,0.040816326530612,0,0,0,0,0,0,0,0,0,0,0,0,0,0,0,0,0,0,0,0,5542.95653104194,0,892.170208637224,0,3196.0808474856,6374.81124142307,0,0,0,0,0,14035.7358623882,4287.93555786673,2903.38388623251,2368.17020863722,3210.40252905492,6374.81124142307,5898.80637878118,1,0,1,0,1,1,0,0,0,0,0,1,1,1,1,3,1,4,5,5,5
28,2,5,1,3,15,14,10,7,4,13,6,9,8,11,12,0,0,0,1,1,0,0,0,1,1,1,1,0,0,0,2,2,2,0,0,0,0,0,0,0,0,0,0,0,0,0,0,0,0,0,0,1,0,0,0,0,0,0,0,0,0,0,0,0,0,0,1,0,0,0,0,0,2466.04008766238,2312.139756655,0,0,0,2235.63479154414,1730.02684736677,2169.93710859588,3972.2195652042,0,0,0,2389.08992215869,1982.83081945546,3071.07833690004,0,0,0,1,1,0,0,0,1,1,1,1,0,0,0,2,2,2,5,5,5
29,12,15,8,4,14,6,13,10,9,1,3,7,5,2,11,1,1,1,1,0,0,0,0,1,0,1,1,0,0,1,4,1,3,0,0,0,0,0,0,0.090909090909091,0,0,0,0,0,0,0,0,0,0.020408163265306,0,0,0,0,0,1,0,0,0,0,0,0,0,0,0,0,1,0,0,769.894406656764,5643.08010204704,2840.46510456546,2461.86033636221,0,0,0,0,1847.28963845351,0,2674.14312799697,8619.53835979372,0,0,1505.71894054484,2928.82498740787,1847.28963845351,4266.46680944518,1,1,1,1,0,0,0,0,1,0,1,1,0,0,1,4,1,3,5,5,5
3,4,7,11,5,6,15,8,2,9,13,14,10,1,3,12,1,1,0,0,1,0,1,1,1,1,1,0,1,0,1,3,4,3,0,0,0,0,0,0.090909090909091,0,0,0,0,0,0,0,0,0,0,0.019230769230769,0,0,0,0,0,0,0,0,0,0,0,0,0,0,0,0,0,0,0,3125.30716704956,4554.92887426994,0,0,2290.55058149033,0,4727.89304747534,1488.19020210803,1473.11802065975,-19.6206515021622,3425.91096087266,0,2340.74868457878,0,3153.9199175713,3323.59554093661,1917.39515468524,2973.52652100758,1,1,0,0,1,0,1,1,1,1,1,0,1,0,1,3,4,3,5,5,5
30,6,7,11,8,14,15,5,2,3,1,13,9,10,12,4,1,1,1,1,1,1,1,1,1,1,1,1,1,1,1,5,5,5,0,0,0,0,0,0,0,0,0,0,0,0,0,0,0,0,0,0,0,0,0,0,0,0,0,0,0,0,0,0,0,0,0,0,0,0,2773.54361338189,1596.09543817298,2153.42153307781,1179.39981779226,1865.05364988372,1458.29945277373,1479.13558418039,1007.56532866744,2389.42153307781,728.463321367046,2785.40146007409,2179.78777399001,1486.3813870704,1293.72755497892,195.809489275591,1913.50281046173,1412.57704401328,1588.2215330778,1,1,1,1,1,1,1,1,1,1,1,1,1,1,1,5,5,5,5,5,5
31,2,14,15,10,3,6,5,9,4,13,7,1,11,8,12,0,0,1,1,1,0,0,1,1,1,1,1,1,0,1,3,3,4,0,0,0,0,0,0.076923076923077,0,0,0,0,0,0,0,0,0,0,0.019230769230769,0,0,0,0,0,0,0,0,0,0,0,0,0,0,1,0,0,0,1,0,0,2455.04371517105,1677.11510462972,2393.60486702286,0,0,3558.91864672373,5598.27835876076,819.337019658211,2344.96457905992,2320.93137528497,3745.03596851858,0,2122.69673169524,2175.25456227454,3325.51134171423,2633.40716363968,0,0,1,1,1,0,0,1,1,1,1,1,1,0,1,3,3,4,5,5,5
32,3,2,15,7,9,1,13,6,8,12,10,5,14,11,4,1,1,1,1,1,1,1,1,1,1,1,1,1,1,0,5,5,4,0,0.076923076923077,0,0,0,0,0,0,0,0,0,0.1,0,0,0,0.019230769230769,0,0.020408163265306,0,0,0,0,0,0,0,0,0,0,0,0,0,0,1,0,0,1,1838.07181401673,1779.67079371613,3874.50155992401,2319.12822528076,557.550789786386,1779.87489456727,1758.81130190156,2373.30464047455,1921.18463654481,2994.34668893524,1763.02258415436,2425.92412442964,1866.2266850055,3697.18463654481,0,2073.7846365448,2165.50443248469,2438.08950753358,1,1,1,1,1,1,1,1,1,1,1,1,1,1,0,5,5,4,5,5,5
33,10,7,11,2,4,9,12,5,15,1,14,8,6,3,13,1,0,1,0,0,0,0,1,0,0,0,0,0,0,0,2,1,0,0,0,0,0,0,0.1,0,0,0,0,0,0,0,0,0,0,0.019230769230769,0,0,0,0,0,0,0,0,0,0,0,0,0,0,0,0,0,0,0,2641.39541524791,0,693.440810285101,0,0,0,0,1213.75755192971,0,0,0,0,0,0,0,1667.41811276651,1213.75755192971,,1,0,1,0,0,0,0,1,0,0,0,0,0,0,0,2,1,0,5,5,5
34,13,3,8,2,10,14,12,5,4,11,1,7,9,15,6,0,1,1,1,0,1,1,1,1,1,1,1,1,0,1,3,5,4,0,0,0,0,0,0,0,0,0,0,0,0,0,0,0,0,0,0,0,0,0,0,0,0,0,0,0,0,0,0,0,0,0,0,0,0,0,2492.02243277224,1637.98123967511,2168.75651386465,0,1587.6591393149,2623.70033241203,2770.02243277224,2167.11231314423,1548.1759887746,1970.92505822249,1600.39322040731,2572.33703895469,0,2968.97374549738,2099.58672877066,2139.3340412836,2278.15726577047,0,1,1,1,0,1,1,1,1,1,1,1,1,0,1,3,5,4,5,5,5
35,14,10,1,11,4,2,7,13,12,8,9,6,3,5,15,0,1,1,1,0,1,1,1,1,1,1,1,1,1,1,3,5,5,0,0,0,0,0,0,0,0,0,0,0,0,0,0,0,0,0,0,1,0,0,0,1,0,0,0,0,0,0,0,0,0,0,2,0,0,0,2553.7734638165,2344.50559982771,1287.53031983631,0,1567.48087981908,1386.16357581306,1541.65256784408,2828.40807182857,1255.75009584319,1914.48087981908,1004.55368780962,2168.04132780529,1895.21301583029,2817.28447178547,2061.93646116017,1715.8910382296,1959.91467660995,0,1,1,1,0,1,1,1,1,1,1,1,1,1,1,3,5,5,5,5,5
36,8,11,13,3,14,15,2,12,9,6,5,7,4,1,10,1,1,1,0,0,1,0,0,1,0,1,1,1,1,1,3,2,5,0,0,0,0,0,0,0,0,0,0,0.111111111111111,0,0,0,0,0,0,0.019230769230769,0,0,0,0,0,0,0,0,0,0,0,0,0,0,0,0,0,0,1525.1206550182,2805.69372974124,3164.5144038265,0,0,1682.5124833163,0,0,2026.26488395405,0,5174.37017489065,3227.05238157068,1160.87113514575,2309.83603816689,4897.44228935859,2498.44292952864,1854.38868363517,3353.91440382651,1,1,1,0,0,1,0,0,1,0,1,1,1,1,1,3,2,5,5,5,5
37,3,8,7,11,4,9,12,5,15,1,13,2,6,10,14,0,1,1,0,0,1,1,1,1,1,1,1,1,1,0,2,5,4,0,0,0,0,0,0,0,0,0,0,0,0,0,0,0,0,0,0,0,0,0,0,0,0,0,0,0,0,0,0,0,0,0,0,0,0,0,1787.62016924756,3474.23267937847,0,0,1509.72774731691,597.873737781571,283.034002382366,1173.67285577898,2528.66078664936,1394.56748271611,707.888011917676,2248.24695351455,748.981315850921,0,2630.92642431302,1218.59382598184,1274.92094099981,0,1,1,0,0,1,1,1,1,1,1,1,1,1,0,2,5,4,5,5,5
38,3,15,6,4,13,11,12,2,10,14,9,8,7,5,1,1,0,0,0,1,0,1,0,0,0,1,0,1,0,0,2,1,2,0.111111111111111,0,0,0,0,0,0,0,0,0,0,0,0,0,0,0.019607843137255,0,0,0,0,1,0,0,0,0,0,0,0,0,0,0,0,0,1,0,0,1674.89390374595,0,0,0,3421.30211314675,0,4141.66327498201,0,0,0,-2843.04843906307,0,3354.9879988771,0,0,2548.09800844635,4141.66327498201,255.969779907013,1,0,0,0,1,0,1,0,0,0,1,0,1,0,0,2,1,2,5,5,5
39,13,12,15,1,5,6,3,10,4,11,2,8,7,9,14,1,1,1,1,1,1,1,1,0,1,0,0,1,1,1,5,4,3,0,0,0,0,0,0,0,0,0.111111111111111,0,0,0,0,0,0,0,0.019230769230769,0,0,0,0,0,0,0,0,0,0,0,1,0,0,0,0,0,0,1,11512.7343812313,2538.14483916041,3640.46274757458,2113.63693957619,3599.39088936831,969.878097643901,4387.67832219345,5281.48833102343,0,2302.75507253993,0,0,2112.02181405647,2130.19600605808,4244.46274757458,4680.87395938216,3235.44995585018,2828.89352256304,1,1,1,1,1,1,1,1,0,1,0,0,1,1,1,5,4,3,5,5,5
4,15,9,2,4,6,5,12,7,3,13,10,1,11,14,8,0,0,1,0,0,0,1,0,0,1,1,1,0,0,1,1,2,3,0,0,0,0,0,0,0,0,0,0,0,0,0,0,0,0,0,0,1,0,0,0,0,0,0,0,0,0,0,0,0,0,0,1,0,0,0,0,3138.17200016743,0,0,0,5956.49356066861,0,0,1880.58727490649,4923.92745077299,1915.09690129483,0,0,3490.92681336158,3138.17200016743,3918.54041778755,3443.31705514313,0,0,1,0,0,0,1,0,0,1,1,1,0,0,1,1,2,3,5,5,5
40,10,5,2,11,9,6,4,8,13,12,15,7,3,1,14,0,0,1,1,0,1,1,0,0,1,0,1,0,1,1,2,3,3,0,0,0,0,0,0,0,0,0,0,0,0,0,0,0.111111111111111,0,0,0.019230769230769,0,0,0,0,0,0,0,0,0,0,0,0,0,0,0,0,0,0,0,0,1806.20372348893,2192.81066469394,0,4588.53696235575,2125.36286543132,0,0,2538.85045017954,0,2830.90519064717,0,2175.96980663633,1110.95993111483,1999.50719409143,3084.25009265554,2039.27830946611,0,0,1,1,0,1,1,0,0,1,0,1,0,1,1,2,3,3,5,5,5
41,10,4,12,2,9,7,5,14,11,6,8,13,1,3,15,1,1,1,1,0,1,1,1,1,1,1,1,1,1,0,4,5,4,0,0,0,0,0,0,0,0,0,0,0,0,0,0,0,0,0,0,0,0,0,0,0,0,0,0,0,0,0,0,0,0,0,0,0,0,1329.92940244108,2138.85275843111,3386.51902200104,2822.49307090099,0,4943.54497310112,3192.56971491096,3228.41642689105,2903.67231002095,3160.26313887115,2946.18649486118,8032.54618239132,2151.54497310112,3750.67351931115,0,2419.44856344355,3485.69331275905,4220.23779241619,1,1,1,1,0,1,1,1,1,1,1,1,1,1,0,4,5,4,5,5,5
42,8,2,14,12,13,6,10,7,15,9,3,5,11,1,4,1,1,1,1,1,1,1,1,1,0,1,0,1,1,0,5,4,3,0,0,0,0,0,0,0,0,0,0,0,0,0,0,0,0,0,0,0,0,0,0,0,0,0,0,0,1,0,0,0,0,0,0,1,0,1142.3425687993,2492.04274390172,1924.55299212108,562.184262086404,1252.57719647026,990.945926504937,2449.55299212108,2148.52878777188,922.204758525098,0,333.994335203315,0,2929.62560516867,1121.83232057994,0,1474.73995267575,1627.80811623075,1461.81742031731,1,1,1,1,1,1,1,1,1,0,1,0,1,1,0,5,4,3,5,5,5
43,3,9,11,5,12,6,8,10,4,14,2,1,7,15,13,0,0,1,1,1,1,1,0,1,0,1,0,1,1,0,3,3,3,0,0,0,0,0,0,0,0,0,0,0,0,0,0,0,0,0,0,0,1,0,0,0,0,0,0,0,0,0,0,0,0,0,1,0,0,0,0,2595.11497223008,4666.44235618433,2672.07605951268,1677.40022702393,2187.7486755584,0,5351.42129160414,0,2898.44235618433,0,1878.15710139048,2520.3191851461,0,3311.21112930903,3072.19006472882,2432.3062142403,0,0,1,1,1,1,1,0,1,0,1,0,1,1,0,3,3,3,5,5,5
44,5,11,9,14,7,1,4,2,15,8,3,6,10,13,12,0,0,0,0,0,1,1,0,0,0,0,1,1,1,0,0,2,3,0,0,0.111111111111111,0,0,0,0,0,0,0,0,0,0,0,0,0.019230769230769,0,0,1,0,0,0,0,0,0,0,0,0,0,0,0,0,0,1,0,0,0,0,0,0,0,7880.03228353537,2647.66720747517,0,0,0,0,3151.32933946655,2788.28852738917,2760.73807045151,0,,5263.84974550527,2900.11864576908,0,0,0,0,0,1,1,0,0,0,0,1,1,1,0,0,2,3,5,5,5
45,5,11,12,8,4,15,2,9,3,13,10,1,7,6,14,1,1,0,1,1,1,1,0,0,0,1,0,1,0,0,4,2,2,0,0.090909090909091,0,0,0,0,0,0,0,0,0,0,0,0,0,0.02,0,0,0,0,0,0,0,0,0,0,0,0,0,0,0,0,0,0,0,0,2112.88449250525,1834.99435157987,0,2651.83941919138,2810.86195584832,713.411251221376,2016.69575513137,0,0,0,2286.35490957904,0,2168.6422376991,0,0,2352.64505478121,1365.05350317637,2227.49857363907,1,1,0,1,1,1,1,0,0,0,1,0,1,0,0,4,2,2,5,5,5
46,6,4,12,5,10,8,3,1,2,14,11,9,13,7,15,1,1,1,1,0,1,1,1,1,1,1,1,0,1,1,4,5,4,0,0,0,0,0,0,0,0,0,0,0,0,0.111111111111111,0,0,0,0,0.019230769230769,0,0,0,0,0,0,0,0,0,0,0,0,0,0,0,0,0,0,1293.55062579273,1387.20238351641,1621.84246296698,1445.64206571423,0,2321.76854045517,1176.01366453685,1835.66542226053,3246.20238351641,1830.20822265299,2701.28798430136,515.653743987379,0,2174.47670328093,1551.21990092614,1437.05938449759,2081.97164668439,1735.65958312395,1,1,1,1,0,1,1,1,1,1,1,1,0,1,1,4,5,4,5,5,5
47,8,3,13,14,9,2,5,12,1,6,15,10,11,7,4,1,0,1,1,1,1,1,1,1,1,1,1,1,1,1,4,5,5,0,0,0,0,0,0,0,0,0,0,0,0,0,0,0,0,0,0,0,0,0,0,0,0,0,0,0,0,0,0,0,0,0,0,0,0,2121.06256987146,0,2894.31981186199,4850.96059986472,1517.82212883563,2303.34414587688,1867.48725085321,2497.85862985795,3470.87079686538,2272.25434287757,1753.69119086672,6636.85862985795,5404.2954778471,3023.36094683156,4350.84646285049,2846.04127760845,2482.3630332662,4233.81054165076,1,0,1,1,1,1,1,1,1,1,1,1,1,1,1,4,5,5,5,5,5
48,2,12,7,11,5,10,4,8,9,1,3,13,15,6,14,1,1,1,0,0,1,1,1,1,0,1,1,1,1,1,3,4,5,0,0,0,0,0,0,0,0,0,0.090909090909091,0,0,0,0,0,0,0.020408163265306,0,0,0,0,0,0,0,0,0,0,1,0,0,0,0,0,0,1,0,6181.15775047429,3149.6675347558,2591.41274277918,0,0,2346.5105855946,2493.5890601752,2555.74580900816,3010.27536218104,0,642.000801313057,1724.88318960628,3930.62819730138,1773.82448391704,3631.60862873829,3974.07934266976,2601.53020423975,2340.58906017521,1,1,1,0,0,1,1,1,1,0,1,1,1,1,1,3,4,5,5,5,5
49,10,12,8,4,7,6,14,11,5,9,3,1,15,2,13,0,0,1,1,0,1,1,1,1,1,0,1,1,0,0,2,5,2,0,0,0,0,0,0,0,0,0,0,0,0,0,0,0,0,0,0,1,0,0,0,0,0,0,0,0,0,1,0,0,0,0,1,0,1,0,0,1802.80195466764,5886.31079960291,0,672.278727385507,3678.92032096619,2465.08514182898,2131.02430491787,1792.77318997393,0,1468.21789047439,1623.83071936134,0,0,3844.55637713528,2148.0163370145,1546.02430491787,0,0,1,1,0,1,1,1,1,1,0,1,1,0,0,2,5,2,5,5,5
5,8,3,11,4,15,7,6,10,2,9,1,5,14,12,13,1,1,1,1,1,1,0,0,0,0,1,1,0,1,1,5,1,4,0,0,0,0,0,0,0.222222222222222,0,0,0,0,0,0,0,0,0,0.040816326530612,0,0,0,0,0,0,0,0,0,0,0,0,0,0,0,0,0,0,0,2302.95861732235,2509.24707373334,7583.9564392867,2983.25360784034,2438.35556807244,2435.06057755445,0,0,0,0,3455.65709269739,3144.05186541181,0,2825.84576691192,2543.95426125103,3563.55426125103,2435.06057755445,2992.37724656804,1,1,1,1,1,1,0,0,0,0,1,1,0,1,1,5,1,4,5,5,5
50,10,13,12,4,9,11,7,6,1,8,2,15,3,14,5,1,1,1,1,1,1,1,0,1,1,0,1,1,0,1,5,4,3,0,0,0,0,0,0,0,0,0,0,0.083333333333333,0,0,0,0,0,0,0.020408163265306,0,0,0,0,0,0,0,0,0,0,1,0,0,0,0,0,0,1,801.259588642541,784.065158729703,4505.90155749267,695.750392353599,2502.00647961805,2293.78122102941,2132.6330341303,0,2797.79663536733,1315.28743907838,0,1254.29041731835,2983.20090953086,0,636.42318987957,1857.79663536731,2134.87458240135,1624.63817224293,1,1,1,1,1,1,1,0,1,1,0,1,1,0,1,5,4,3,5,5,5
51,13,10,7,3,5,15,1,12,2,6,8,9,11,14,4,0,0,0,1,0,0,1,0,1,1,1,1,0,1,0,1,3,3,0,0,0,0,0,0,0,0,0,0,0,0,0,0,0,0,0,0,0,0,0,0,0,0,0,0,0,0,0,0,0,0,0,0,0,0,0,0,0,1289.05518391449,0,0,1837.33829350793,0,4308.56238148801,2266.70393628473,5866.86516495256,3969.84549108145,0,2524.40643154425,0,1289.05518391449,2804.20153709355,4120.37236252609,0,0,0,1,0,0,1,0,1,1,1,1,0,1,0,1,3,3,5,5,5
52,12,1,11,2,3,14,7,15,13,10,9,5,8,4,6,1,1,1,1,1,1,0,1,1,1,1,1,1,1,0,5,4,4,0,0.111111111111111,0,0,0,0,0,0,0,0,0,0,0,0,0,0.020408163265306,0,0,0,0,0,0,0,0,0,0,0,0,0,0,0,0,0,0,0,0,6233.2281427022,2723.46728293889,3008.80424871796,2571.54336390537,2926.70642317558,3150.61944487182,0,2905.54336390537,3456.35856005919,2409.27163185406,11522.9564106509,2681.58685305723,2346.77160680477,3670.83684053257,0,3492.749892288,2980.44825017261,5055.53792776138,1,1,1,1,1,1,0,1,1,1,1,1,1,1,0,5,4,4,5,5,5
53,11,5,13,15,10,3,6,14,9,8,1,7,2,4,12,0,1,1,1,0,1,1,0,0,1,1,1,0,1,1,3,3,4,0,0,0,0,0,0,0,0,0,0,0,0,0.125,0,0,0,0,0.020408163265306,1,0,0,0,0,0,0,1,0,0,0,0,1,0,0,1,1,1,0,2940.37175541624,3410.18079517499,2970.23254686137,0,2426.72452360924,3784.98983493375,0,0,2952.64361963337,1890.87977866837,7766.14508999288,0,1939.93808324737,2651.28429854775,3106.92836581754,3054.78599272545,3562.06181261409,0,1,1,1,0,1,1,0,0,1,1,1,0,1,1,3,3,4,5,5,5
54,10,2,9,4,6,5,11,12,3,13,8,7,1,15,14,1,1,1,1,1,1,1,1,1,1,1,0,0,1,1,5,5,3,0,0,0,0,0.111111111111111,0,0,0,0,0,0,0,0,0,0,0.02,0,0,0,0,0,0,0,0,0,0,0,0,0,0,0,0,0,0,0,0,1310.70456720193,1905.8116691738,1826.24650155587,1603.04778645479,2217.23875713453,1374.23875713453,2565.58197638739,2945.67358951661,2150.23101271319,3012.88004903903,1855.51359652219,0,0,1121.40649455029,1826.26199039855,1772.60985630418,2409.72107695815,1601.06069382367,1,1,1,1,1,1,1,1,1,1,1,0,0,1,1,5,5,3,5,5,5
55,1,9,5,11,12,10,2,6,15,7,8,13,14,3,4,1,1,0,1,0,0,1,1,1,1,1,0,0,1,1,3,4,3,0,0,0,0,0,0,0,0,0,0,0,0,0,0,0,0,0,0,0,0,0,0,0,0,0,0,0,0,0,0,0,0,0,0,0,0,815.264150232804,596.535651411454,0,1635.19693813601,0,0,710.879062841326,3709.48927729542,2234.67947191396,1161.51481343067,1933.14586586555,0,0,2523.73524233885,2247.63779595235,1015.66557992676,1954.14065637034,2234.83963471892,1,1,0,1,0,0,1,1,1,1,1,0,0,1,1,3,4,3,5,5,5
56,3,10,6,13,15,4,12,1,5,8,7,2,11,9,14,0,0,1,1,1,1,1,0,1,0,1,1,0,1,1,3,3,4,0,0,0,0,0,0,0,0,0,0,0,0,0.142857142857143,0,0,0,0,0.020408163265306,0,0,0,0,0,0,0,0,0,0,0,0,0,0,0,0,0,0,0,0,2395.77686928888,3422.96082853881,1626.8414533273,4183.36395248122,2851.27589814778,0,2498.62423091705,0,2547.54791173115,2157.80819016698,0,3523.23284212218,5462.47159254522,2481.85971705166,3177.75469384868,3422.76513414138,0,0,1,1,1,1,1,0,1,0,1,1,0,1,1,3,3,4,5,5,5
57,11,13,14,5,6,10,7,15,8,1,12,4,2,3,9,1,0,0,1,1,0,1,1,0,1,1,0,0,1,1,3,3,3,0,0,0,0,0,0,0,0,0,0,0,0,0,0,0,0,0,0,0,0,0,0,0,0,0,0,0,0,0,0,0,0,0,0,0,0,2390.92599522517,0,0,1752.98868661461,2015.83848975689,0,2015.26382878964,749.851115527097,0,2946.63866474153,2720.33870848769,0,0,2233.23857724923,1681.77623582905,2053.25105719889,1903.91786968609,2211.78450718865,1,0,0,1,1,0,1,1,0,1,1,0,0,1,1,3,3,3,5,5,5
58,15,14,5,1,8,4,3,11,13,2,12,7,10,6,9,1,0,1,1,1,1,1,1,1,0,1,1,0,0,1,4,4,3,0,0,0,0,0,0,0,0,0,0,0,0,0,0.090909090909091,0,0,0,0.019230769230769,0,0,0,0,0,0,0,0,0,0,0,0,0,0,0,0,0,0,2135.33254754401,0,2511.05310439176,2605.64597678001,2771.67665891358,3607.67665891358,2875.33089556894,2447.45858002844,1930.70734104715,0,1857.76870531426,2163.80269139798,0,0,2752.95775404089,2505.92707190734,2715.29336888953,2258.17638358438,1,0,1,1,1,1,1,1,1,0,1,1,0,0,1,4,4,3,5,5,5
59,3,2,14,8,10,15,9,12,6,4,7,11,1,5,13,1,1,1,1,1,1,1,0,1,1,0,1,1,1,0,5,4,3,0,0,0,0,0,0,0,0,0,0,0,0,0,0,0,0,0,0,0,0,0,0,0,0,0,0,0,0,0,0,0,0,0,0,0,0,1119.03314490704,2800.06344322319,1424.21610455366,368.361902952805,2627.98225779686,2633.93137068671,1270.17894330618,0,1188.59574970961,2016.27385459514,0,764.931370686711,2125.69752392991,1593.97539486553,0,1667.93137068671,1777.24497957441,1494.86809649405,1,1,1,1,1,1,1,0,1,1,0,1,1,1,0,5,4,3,5,5,5
6,10,12,4,9,13,15,5,2,7,6,11,1,3,14,8,1,1,0,0,0,0,1,1,1,1,1,1,1,0,0,2,4,3,0,0,0,0.125,0,0,0,0,0,0,0,0,0,0,0,0.020408163265306,0,0,0,0,1,0,0,1,0,0,0,0,0,0,0,1,0,1,1,1,2598.0532177955,3575.92380410354,0,0,0,0,1780.75755992363,4199.85014312764,4522.42405759558,10323.0905552676,1429.88697361559,2942.72022245155,6314.49771857151,0,0,3086.98851094952,5206.5305789786,3562.36830487955,1,1,0,0,0,0,1,1,1,1,1,1,1,0,0,2,4,3,5,5,5
60,15,2,11,7,3,1,9,10,8,14,12,5,4,13,6,0,0,0,0,1,0,0,0,1,1,1,0,0,0,0,1,2,1,0,0,0,0,0,0,0,0,0,0,0,0,0,0,0,0,0,0,0,0,0,0,0,0,0,0,0,0,0,0,0,0,0,0,0,0,0,0,0,0,2021.01729992262,0,0,0,1103.63908146985,3032.74758468239,3524.36628064737,0,0,0,0,2021.01729992262,2068.19333307612,3524.36628064737,0,0,0,0,1,0,0,0,1,1,1,0,0,0,0,1,2,1,5,5,5
7,15,13,8,9,4,11,3,1,14,5,10,12,6,2,7,0,0,1,1,0,0,1,1,0,0,1,1,0,1,0,2,2,3,0,0,0,0,0,0,0,0,0,0,0,0,0,0,0,0,0,0,0,0,0,0,0,0,0,0,0,0,0,0,0,0,0,0,0,0,0,0,2667.64260202786,8561.29051383305,0,0,4155.92321062827,2404.7718780252,0,0,4664.02358842414,3289.93005222402,0,9865.64260202786,0,5614.46655793046,3280.34754432674,5939.86541422534,0,0,1,1,0,0,1,1,0,0,1,1,0,1,0,2,2,3,5,5,5
8,15,12,1,14,4,11,7,10,2,5,9,6,8,3,13,1,1,1,1,1,1,0,1,1,0,1,0,1,1,1,5,3,4,0.076923076923077,0,0,0,0,0,0,0,0,0,0,0,0.111111111111111,0,0,0.019230769230769,0,0.020408163265306,0,0,0,0,0,0,0,0,0,0,0,0,0,0,0,0,0,0,2191.40888355565,823.330914589926,1891.27198435125,-4299.08733863733,2446.86702829454,4255.95829443081,0,2365.63130733982,2155.03626339653,0,2228.6902375785,0,3920.80809805586,2015.95829443081,2138.03052184003,610.758294430806,2925.54195505572,2575.8717879763,1,1,1,1,1,1,0,1,1,0,1,0,1,1,1,5,3,4,5,5,5
9,5,6,10,9,1,15,3,8,4,7,11,12,2,14,13,1,0,1,1,1,1,1,1,0,1,1,1,1,1,1,4,4,5,0,0.1,0,0,0,0,0,0,0.111111111111111,0.222222222222222,0,0,0,0.111111111111111,0,0.020408163265306,0.057692307692308,0.020408163265306,0,0,0,0,0,0,0,0,0,0,0,0,0,0,0,0,0,0,1972.21235846946,0,1807.14493753796,3171.04885397819,2249.25071067351,3140.15462711378,3158.52967787615,1865.70287194321,0,10815.5777196561,4413.33751075663,2660.83730770706,1489.3758629607,2624.90472863856,3638.21235846946,2299.91421516478,4744.9912241473,2965.33355370648,1,0,1,1,1,1,1,1,0,1,1,1,1,1,1,4,4,5,5,5,5
